1609459200.0,0.00467160,0.00569700,0.00460100,0.00568000,3019717963.00000000,1609545599999,15572484.05525460,64119,1570945240.00000000,8110382.11236060,0
1609545600.0,0.00567830,0.01398800,0.00552400,0.01052640,46333347255.00000000,1609631999999,431242829.93589080,852634,23072432585.00000000,214468617.57836650,0
1609632000.0,0.01052450,0.01405000,0.00926930,0.00982090,29648808916.00000000,1609718399999,341440834.36692450,731105,14614805172.00000000,168578886.80634950,0
1609718400.0,0.00981880,0.01151980,0.00760000,0.00976130,14328029441.00000000,1609804799999,136732888.63351060,356510,7253001306.00000000,69406822.81429900,0
1609804800.0,0.00977210,0.01028220,0.00885010,0.00997000,5427135672.00000000,1609891199999,51895031.47924060,147886,2718828966.00000000,26029910.83277460,0
1609891200.0,0.00997710,0.01100000,0.00955210,0.01042000,6108894506.00000000,1609977599999,62484629.77560720,167592,2953428435.00000000,30256304.58217840,0
1609977600.0,0.01041870,0.01057350,0.00879990,0.00974390,3523998014.00000000,1610063999999,35331222.21508580,108126,1714737110.00000000,17203435.77397040,0
1610064000.0,0.00975170,0.01031800,0.00880470,0.00974000,2971766597.00000000,1610150399999,28396997.93312210,88342,1433496329.00000000,13702302.64995750,0
1610150400.0,0.00974750,0.01079000,0.00964860,0.01017890,3706408260.00000000,1610236799999,37738955.05763200,110343,1928561004.00000000,19651771.99489300,0
1610236800.0,0.01018900,0.01091550,0.00895340,0.00982000,3113405972.00000000,1610323199999,31586520.50363380,109466,1567548059.00000000,15911533.78205440,0
1610323200.0,0.00981620,0.00984550,0.00670940,0.00883260,5827520561.00000000,1610409599999,47919909.95990300,144427,2920046545.00000000,23957810.40909360,0
1610409600.0,0.00881040,0.00913940,0.00782170,0.00808070,2526092815.00000000,1610495999999,21200652.25273210,69536,1321437634.00000000,11090964.85597750,0
1610496000.0,0.00808060,0.00870000,0.00777000,0.00867380,1818357046.00000000,1610582399999,14838553.62930080,51263,941724866.00000000,7701542.18376390,0
1610582400.0,0.00867900,0.01010000,0.00831050,0.00939070,4000190243.00000000,1610668799999,37038378.33940700,101607,2053989354.00000000,18989070.42107710,0
1610668800.0,0.00939310,0.00984430,0.00831230,0.00935250,3236586057.00000000,1610755199999,30023112.38818960,94536,1657684606.00000000,15387489.51714490,0
1610755200.0,0.00935680,0.00956750,0.00907270,0.00923740,1640096206.00000000,1610841599999,15250091.04130730,51617,871827144.00000000,8108564.29022010,0
1610841600.0,0.00923740,0.00939570,0.00877900,0.00909870,1438377582.00000000,1610927999999,13119003.31422490,50359,735249983.00000000,6709706.66914880,0
1610928000.0,0.00909870,0.00932000,0.00893500,0.00917820,1156154741.00000000,1611014399999,10552816.61737540,49935,585261962.00000000,5344293.93437070,0
1611014400.0,0.00917820,0.00967570,0.00896000,0.00904280,1749440421.00000000,1611100799999,16244066.28430520,58040,879775139.00000000,8175836.48743160,0
1611100800.0,0.00904280,0.00914400,0.00850000,0.00904870,1162054114.00000000,1611187199999,10341390.21822610,43447,582361491.00000000,5181885.86447720,0
1611187200.0,0.00905890,0.00910000,0.00803010,0.00815810,1237702943.00000000,1611273599999,10504059.63521610,41955,647017397.00000000,5487862.08742530,0
1611273600.0,0.00815810,0.00877080,0.00756390,0.00850750,1152693965.00000000,1611359999999,9567366.95193780,40557,587558647.00000000,4884641.06907270,0
1611360000.0,0.00850920,0.00883240,0.00835000,0.00857790,718712164.00000000,1611446399999,6183251.81105490,27661,353497712.00000000,3043793.26892950,0
1611446400.0,0.00858220,0.00896720,0.00850000,0.00871350,901503263.00000000,1611532799999,7849064.00231210,32121,450590149.00000000,3919336.81526420,0
1611532800.0,0.00872060,0.00891720,0.00817950,0.00835090,998144121.00000000,1611619199999,8601352.01693760,37248,530336983.00000000,4573902.86631750,0
1611619200.0,0.00833410,0.00846150,0.00795230,0.00824720,719489035.00000000,1611705599999,5925180.41404160,27103,352104934.00000000,2899305.54163800,0
1611705600.0,0.00824720,0.00824820,0.00725700,0.00741240,1121405247.00000000,1611791999999,8553151.68913760,41353,595635118.00000000,4548025.61503760,0
1611792000.0,0.00741040,0.03748490,0.00728800,0.03649950,102989795103.00000000,1611878399999,1938869679.56354920,2652895,52366446974.00000000,997654181.22638980,0
1611878400.0,0.03644200,0.08750000,0.03130000,0.04590590,109073693231.00000000,1611964799999,5748142275.43206520,6250186,54193930242.00000000,2863929202.67615530,0
1611964800.0,0.04590590,0.05088040,0.02220010,0.02826000,54559388569.00000000,1612051199999,1751521301.14473880,2662492,26756722065.00000000,859589397.53617210,0
1612051200.0,0.02824280,0.04948430,0.02676610,0.03700000,44577797729.00000000,1612137599999,1572475064.01498230,2293658,22171605847.00000000,782363312.09095390,0
1612137600.0,0.03696230,0.04382680,0.03286150,0.03481730,23868437622.00000000,1612223999999,922559206.55735560,1467462,11824499580.00000000,457898145.18038600,0
1612224000.0,0.03482330,0.03529400,0.02877000,0.03134890,11550248752.00000000,1612310399999,370671609.45931340,693054,5826289056.00000000,186948195.81951890,0
1612310400.0,0.03134890,0.03978360,0.03079180,0.03725970,12960787222.00000000,1612396799999,451012972.00037960,748334,6593900386.00000000,229388337.42556810,0
1612396800.0,0.03723270,0.05980000,0.03583670,0.05290810,48795642519.00000000,1612483199999,2387322857.39772980,2832253,24768105860.00000000,1213010538.89693280,0
1612483200.0,0.05281490,0.05434000,0.04315160,0.04671930,16560079172.00000000,1612569599999,779694455.11430000,1061483,8076764171.00000000,380658346.01479950,0
1612569600.0,0.04675270,0.05886830,0.04441910,0.05765590,17252485844.00000000,1612655999999,886595382.86539980,1072831,8776971093.00000000,451655143.64548520,0
1612656000.0,0.05765790,0.08729700,0.05314460,0.07792470,38837846298.00000000,1612742399999,2612686246.96135680,2995593,19875649398.00000000,1342760721.47810420,0
1612742400.0,0.07798510,0.08535550,0.06222140,0.07870000,26387019347.00000000,1612828799999,1990495067.38702730,2431050,13189836463.00000000,996734083.17516350,0
1612828800.0,0.07873840,0.08380010,0.06300000,0.07001210,14602698981.00000000,1612915199999,1089211456.76886090,1444133,7058127373.00000000,527351549.42503540,0
1612915200.0,0.07001220,0.08164960,0.06600000,0.07255270,14156312430.00000000,1613001599999,1050071778.77411210,1275440,7065201193.00000000,525031791.28875430,0
1613001600.0,0.07255230,0.07556220,0.06800000,0.06958300,6327153991.00000000,1613087999999,453685536.50964760,634870,3132151881.00000000,224735998.85907660,0
1613088000.0,0.06958530,0.07298000,0.06080000,0.06976750,7517732599.00000000,1613174399999,507077180.74273740,701278,3705632354.00000000,250211529.89548920,0
1613174400.0,0.06977800,0.07170900,0.06560000,0.06624050,3844449349.00000000,1613260799999,263584986.34526680,417138,1879145197.00000000,128914690.87664270,0
1613260800.0,0.06623720,0.06646630,0.05555800,0.06267830,8229158262.00000000,1613347199999,505104220.62686140,728150,4030808915.00000000,247480440.18132820,0
1613347200.0,0.06268780,0.06420000,0.04749350,0.05650000,11321001492.00000000,1613433599999,643507499.59688020,934597,5551804271.00000000,315978747.14189960,0
1613433600.0,0.05646430,0.05984520,0.05060030,0.05347600,6643077510.00000000,1613519999999,371098231.83136030,588680,3364062140.00000000,188024459.89919750,0
1613520000.0,0.05352310,0.05510900,0.04780000,0.04951870,6168131231.00000000,1613606399999,320372512.84961110,489256,2987265394.00000000,155313762.17378190,0
1613606400.0,0.04949870,0.06456170,0.04890000,0.05879910,13034098004.00000000,1613692799999,731591169.68609390,911899,6604692742.00000000,370638727.62431290,0
1613692800.0,0.05879910,0.05971900,0.05365810,0.05503300,6405564988.00000000,1613779199999,359792909.79443240,533751,3179828066.00000000,178566640.31026860,0
1613779200.0,0.05503300,0.06070000,0.05100000,0.05417080,7359009281.00000000,1613865599999,413584686.02564240,658599,3654984364.00000000,205584595.49923750,0
1613865600.0,0.05415670,0.06000000,0.05325000,0.05601830,5548376495.00000000,1613951999999,311455781.12478600,513479,2759842890.00000000,155023364.43096230,0
1613952000.0,0.05599210,0.06080370,0.04610030,0.05355570,8420498923.00000000,1614038399999,466845349.95601860,703059,4166853736.00000000,231119168.33140930,0
1614038400.0,0.05360930,0.05387760,0.04133320,0.04765620,5958874372.00000000,1614124799999,282213611.33654930,490261,2955994275.00000000,139965185.73047470,0
1614124800.0,0.04769200,0.06058600,0.04590340,0.05679110,11172353520.00000000,1614211199999,621730728.01819760,831386,5517435993.00000000,306727259.91316280,0
1614211200.0,0.05679070,0.05810000,0.04950020,0.04991380,4913047375.00000000,1614297599999,267223961.02447360,505765,2465992542.00000000,134410097.56788020,0
1614297600.0,0.04991570,0.05260320,0.04840000,0.05047680,3147923785.00000000,1614383999999,158841435.84372520,314233,1618976791.00000000,81727135.22314020,0
1614384000.0,0.05047270,0.05210000,0.04910000,0.05007250,2268877377.00000000,1614470399999,114596093.31638270,235269,1171541947.00000000,59173641.47577850,0
1614470400.0,0.05007050,0.05024260,0.04465610,0.04815820,2384823456.00000000,1614556799999,113697423.67879800,247197,1184798947.00000000,56516592.49430380,0
1614556800.0,0.04814470,0.05250500,0.04785890,0.05059330,2752580452.00000000,1614643199999,137616113.38827620,256074,1387077922.00000000,69357446.64567440,0
1614643200.0,0.05057540,0.05249000,0.04910040,0.05036400,2378364146.00000000,1614729599999,121080500.88854780,229304,1129848248.00000000,57526120.15537940,0
1614729600.0,0.05040210,0.05219720,0.04995560,0.05041460,1841086026.00000000,1614815999999,94065344.10684120,211662,928449444.00000000,47438454.77040260,0
1614816000.0,0.05043370,0.05115390,0.04765000,0.04998650,1943532071.00000000,1614902399999,96941941.99156920,200317,981314306.00000000,48977612.73193870,0
1614902400.0,0.04998660,0.05107900,0.04796610,0.04952850,1714962753.00000000,1614988799999,84868540.69457170,157317,863442567.00000000,42749015.65475520,0
1614988800.0,0.04952470,0.05258010,0.04908400,0.05095880,2749264710.00000000,1615075199999,140483759.23025730,247431,1391112884.00000000,71090388.06445420,0
1615075200.0,0.05092420,0.05247160,0.05042860,0.05198710,1494562661.00000000,1615161599999,76760646.00875660,149443,778554837.00000000,39987348.47626410,0
1615161600.0,0.05194810,0.06307500,0.05155050,0.06297380,7572972187.00000000,1615247999999,427497381.64150500,625336,3873827835.00000000,218943101.24393460,0
1615248000.0,0.06295820,0.06300250,0.05600000,0.05791170,4412560062.00000000,1615334399999,258124645.04545400,399139,2148125671.00000000,125673264.30496750,0
1615334400.0,0.05794320,0.05875920,0.05450000,0.05586920,2390746818.00000000,1615420799999,134539050.83137320,243374,1210138188.00000000,68118082.94571840,0
1615420800.0,0.05588310,0.05698000,0.05426470,0.05592860,1647182774.00000000,1615507199999,91430790.34381520,173149,838257054.00000000,46542100.91693720,0
1615507200.0,0.05591170,0.05700000,0.05405100,0.05527310,1821925239.00000000,1615593599999,100981130.21170940,174808,942454394.00000000,52243687.97220110,0
1615593600.0,0.05527690,0.06300000,0.05466350,0.06278920,3660176589.00000000,1615679999999,213962931.76605730,343175,1872933065.00000000,109540023.38807320,0
1615680000.0,0.06278870,0.06367890,0.05817000,0.05822100,5115194076.00000000,1615766399999,312606153.28233320,486183,2501043011.00000000,152885722.22586660,0
1615766400.0,0.05822100,0.05977450,0.05500000,0.05696910,2409422648.00000000,1615852799999,137448374.37261040,252909,1225097145.00000000,69938115.22155330,0
1615852800.0,0.05701520,0.05914270,0.05526680,0.05865070,2003574159.00000000,1615939199999,115129471.60740910,231483,998938243.00000000,57431257.68687840,0
1615939200.0,0.05863890,0.05895840,0.05653140,0.05789200,1162146770.00000000,1616025599999,67133708.72478260,144497,587287133.00000000,33936314.28448410,0
1616025600.0,0.05789250,0.05928960,0.05688960,0.05734850,1338098958.00000000,1616111999999,77716103.93184580,161709,675657978.00000000,39251930.01702810,0
1616112000.0,0.05736290,0.05990000,0.05637410,0.05824720,1691688848.00000000,1616198399999,98776358.30435350,189338,849422461.00000000,49619573.62917520,0
1616198400.0,0.05826240,0.06062500,0.05797000,0.05881860,1939829246.00000000,1616284799999,115208115.02759830,219094,969560716.00000000,57585366.96254840,0
1616284800.0,0.05883960,0.05955550,0.05670000,0.05747810,1204263965.00000000,1616371199999,69728332.47300590,139742,625084415.00000000,36203359.78576260,0
1616371200.0,0.05748880,0.05797770,0.05442340,0.05488800,1270766976.00000000,1616457599999,72099418.18520980,148484,604617239.00000000,34327959.80822340,0
1616457600.0,0.05489010,0.05610520,0.05259630,0.05335320,1437944729.00000000,1616543999999,78273619.98372510,152031,719082040.00000000,39170750.13730050,0
1616544000.0,0.05342340,0.05679950,0.05075000,0.05149960,1666398121.00000000,1616630399999,90593325.85996570,184895,822937552.00000000,44804198.70599480,0
1616630400.0,0.05149960,0.05244980,0.04957980,0.05126600,1665397693.00000000,1616716799999,85124881.97561030,165838,798217727.00000000,40813331.33934860,0
1616716800.0,0.05126600,0.05403800,0.05123200,0.05393100,873797527.00000000,1616803199999,46115820.17823180,98925,453317800.00000000,23930534.23919820,0
1616803200.0,0.05392030,0.05545000,0.05338600,0.05443600,1176365221.00000000,1616889599999,64055028.98944300,127735,576544411.00000000,31378539.78051670,0
1616889600.0,0.05442200,0.05490000,0.05294960,0.05366560,675382127.00000000,1616975999999,36449896.82172070,76244,343194052.00000000,18528174.50405240,0
1616976000.0,0.05366340,0.05471230,0.05320200,0.05412400,977387405.00000000,1617062399999,52812128.33225730,108929,470131261.00000000,25404090.86835280,0
1617062400.0,0.05412400,0.05562670,0.05332800,0.05400030,1399307591.00000000,1617148799999,76243721.28443340,149471,670302300.00000000,36522726.12243080,0
1617148800.0,0.05400140,0.05450000,0.05134240,0.05376990,1085164149.00000000,1617235199999,57976066.94508010,130375,523526039.00000000,27977062.31265520,0
1617235200.0,0.05378350,0.07135000,0.05349990,0.06215100,15242021778.00000000,1617321599999,950503156.79647110,1319823,7664377092.00000000,477782458.57714690,0
1617321600.0,0.06215090,0.06290500,0.05720000,0.05758490,3415466916.00000000,1617407999999,201997465.39627340,340187,1658183304.00000000,98024972.52657510,0
1617408000.0,0.05758870,0.05955160,0.05550000,0.05551130,2066362739.00000000,1617494399999,120193448.13793780,222342,1016067895.00000000,59088356.30126470,0
1617494400.0,0.05550000,0.05821810,0.05508640,0.05739430,1563798693.00000000,1617580799999,88757335.80494240,163617,810189054.00000000,45967976.79398660,0
1617580800.0,0.05738060,0.06070690,0.05623150,0.05999920,2638868932.00000000,1617667199999,153310198.84250720,276465,1335223756.00000000,77599464.69574650,0
1617667200.0,0.05997790,0.06600000,0.05799040,0.06440470,4762148739.00000000,1617753599999,291318993.84994130,471431,2417346921.00000000,147941206.58478920,0
1617753600.0,0.06440470,0.06744000,0.05712670,0.05877690,4840051853.00000000,1617839999999,300318590.67992730,495207,2456848328.00000000,152415620.37122790,0
1617840000.0,0.05877700,0.06232400,0.05863190,0.06178380,1745571706.00000000,1617926399999,106529561.82259290,197168,899299880.00000000,54878831.82993330,0
1617926400.0,0.06178370,0.06427330,0.06047120,0.06158780,2149603024.00000000,1618012799999,133399414.82419290,257855,1094841687.00000000,67941480.24292410,0
1618012800.0,0.06161030,0.06575180,0.06094450,0.06371670,2780510108.00000000,1618099199999,176163810.51327090,350422,1387164864.00000000,87908384.72704080,0
1618099200.0,0.06371670,0.08000000,0.06339590,0.07433000,14967931146.00000000,1618185599999,1086957189.92659390,1469552,7401581801.00000000,537993023.58020730,0
1618185600.0,0.07433350,0.07547910,0.06850000,0.07073430,4300356226.00000000,1618271999999,308153107.93201940,501854,2109022853.00000000,151109732.76391150,0
1618272000.0,0.07070010,0.09622550,0.07064090,0.09440200,13605840277.00000000,1618358399999,1150528560.80927340,1480741,6802030672.00000000,575497852.82407070,0
1618358400.0,0.09440110,0.14539550,0.09211800,0.12143290,36680989724.00000000,1618444799999,4533760110.14828280,4752126,18252780017.00000000,2256207929.37777350,0
1618444800.0,0.12143190,0.19189220,0.11978780,0.18235990,24615971220.00000000,1618531199999,3798354274.65832840,4100775,12495231665.00000000,1928403603.00912100,0
1618531200.0,0.18250030,0.45000000,0.17910000,0.36544340,57510545356.00000000,1618617599999,17598561857.08492990,15330777,29422369956.00000000,9013969074.85293270,0
1618617600.0,0.36538550,0.38125000,0.23100000,0.28225320,24857057931.00000000,1618703999999,7340151088.86338350,7061910,12373124678.00000000,3657307408.14989560,0
1618704000.0,0.28249450,0.35100000,0.23970000,0.32232990,18379866877.00000000,1618790399999,5649877858.71004850,5357605,9290826100.00000000,2860543931.24722410,0
1618790400.0,0.32259530,0.43554600,0.30800000,0.40890300,20873394140.00000000,1618876799999,7979055252.12000430,7253139,10527473572.00000000,4028635141.46950570,0
1618876800.0,0.40889970,0.42462160,0.27000000,0.31732050,20969142688.00000000,1618963199999,7496151720.01226510,6620082,10257160156.00000000,3675643677.49316710,0
1618963200.0,0.31732050,0.34766100,0.29600520,0.30582510,9460395395.00000000,1619049599999,3001086851.00566130,3222391,4676135617.00000000,1484541622.71305050,0
1619049600.0,0.30580740,0.30939880,0.25300000,0.26066150,11199121834.00000000,1619135999999,3143644626.20634930,3082633,5556821638.00000000,1560779751.43984670,0
1619136000.0,0.26066160,0.26950000,0.15972780,0.24981550,17170003022.00000000,1619222399999,3793899186.98962960,3543795,8563135191.00000000,1897881664.52185740,0
1619222400.0,0.24999970,0.28999000,0.22780000,0.27000000,10626242110.00000000,1619308799999,2815368838.41895620,2850151,5342241505.00000000,1416641377.85086010,0
1619308800.0,0.27008020,0.28929600,0.22400000,0.25159000,5726007353.40000000,1619395199999,1494606069.75970708,1766875,2828254805.70000000,739097415.19734208,0
1619395200.0,0.25159000,0.28077000,0.24700000,0.27161000,4881379028.60000000,1619481599999,1300919365.71318920,1510469,2459102719.90000000,655481201.54459320,0
1619481600.0,0.27161000,0.27994000,0.26440000,0.27232000,3367212939.40000000,1619567999999,915557060.98270000,1161483,1685434336.20000000,458354938.59814200,0
1619568000.0,0.27227000,0.34800000,0.25511000,0.32311000,13418044375.10000000,1619654399999,4127506947.04376730,4369045,6674940848.00000000,2054988011.97521590,0
1619654400.0,0.32321000,0.32604000,0.29550000,0.30479000,4149329330.80000000,1619740799999,1288996523.47688000,1590953,2079322320.60000000,646349240.83242100,0
1619740800.0,0.30479000,0.34000000,0.30213000,0.33746000,4042637011.80000000,1619827199999,1300700805.62152200,1545398,2027219012.00000000,652349292.50203000,0
1619827200.0,0.33746000,0.39750000,0.32756000,0.39087000,7062340392.20000000,1619913599999,2565562030.78348780,2859785,3617475759.10000000,1315121399.05374980,0
1619913600.0,0.39086000,0.39999000,0.36200000,0.37397000,5092764030.10000000,1619999999999,1945860025.39828220,2146577,2497524499.70000000,954951265.22598520,0
1620000000.0,0.37459000,0.44790000,0.37386000,0.44142000,6428014853.90000000,1620086399999,2634576988.63666880,2767515,3263067709.70000000,1337940854.69422680,0
1620086400.0,0.44142000,0.61186000,0.39790000,0.53854000,21282557921.90000000,1620172799999,10991175995.06587810,9356151,10755624310.80000000,5557722549.67376210,0
1620172800.0,0.53854000,0.69663000,0.51668000,0.65400000,19076895175.70000000,1620259199999,12015346384.69827950,9882092,9511051241.30000000,5995348021.18530150,0
1620259200.0,0.65400000,0.66500000,0.54000000,0.58106000,8546432048.70000000,1620345599999,5141600296.09898100,4677603,4167174959.70000000,2510412827.73217600,0
1620345600.0,0.58099000,0.73300000,0.51717000,0.68982000,12586268621.30000000,1620431999999,7913188757.07649320,6994765,6349917792.40000000,4004178010.50791720,0
1620432000.0,0.68982000,0.73995000,0.60000000,0.63708000,11387955620.80000000,1620518399999,7747900489.93506190,6792303,5621227329.70000000,3830069801.25304190,0
1620518400.0,0.63708000,0.70009000,0.41600000,0.57063000,26072068896.00000000,1620604799999,13700746154.47142300,11885014,12751809030.60000000,6724156564.76456500,0
1620604800.0,0.57082000,0.57260000,0.41844000,0.45074000,9677354634.40000000,1620691199999,4835708631.58484300,4752157,4686546462.10000000,2346577848.22036200,0
1620691200.0,0.45050000,0.54850000,0.44290000,0.49326000,7553577270.20000000,1620777599999,3754742638.30790800,3915491,3864932244.70000000,1921547113.61827600,0
1620777600.0,0.49353000,0.52200000,0.38203000,0.39160000,5372061299.60000000,1620863999999,2528938533.37978400,2732855,2579522694.20000000,1218728068.14202400,0
1620864000.0,0.39142000,0.52000000,0.35160000,0.48945000,10449387293.90000000,1620950399999,4439890149.83536100,4375843,5231108906.10000000,2228032460.49794500,0
1620950400.0,0.48927000,0.59000000,0.46412000,0.55971000,10623296337.00000000,1621036799999,5673675115.22591300,5532162,5438217628.20000000,2906358442.86456300,0
1621036800.0,0.55990000,0.56405000,0.49009000,0.50855000,5232752313.50000000,1621123199999,2726061153.79594400,2720094,2629203819.00000000,1370314729.95914800,0
1621123200.0,0.50838000,0.54890000,0.45000000,0.51370000,5377121653.30000000,1621209599999,2771252995.85248700,2642957,2699706506.40000000,1392741681.71419300,0
1621209600.0,0.51371000,0.51620000,0.45555000,0.48750000,4268994077.10000000,1621295999999,2090450149.30031700,2076288,2186032622.70000000,1070838011.20235600,0
1621296000.0,0.48745000,0.51536000,0.46783000,0.47574000,3039758659.20000000,1621382399999,1484173045.55255400,1508863,1517685414.60000000,741117541.63674100,0
1621382400.0,0.47574000,0.47940000,0.21111000,0.32945000,11489907654.40000000,1621468799999,4257937939.40724790,4364035,5638135832.50000000,2088452869.56041500,0
1621468800.0,0.32972000,0.43500000,0.29402000,0.39758000,8529470589.60000000,1621555199999,3228872934.52545400,3500199,4366763335.70000000,1653724648.79946800,0
1621555200.0,0.39747000,0.41198000,0.31357000,0.35778000,5243254333.50000000,1621641599999,1919714241.45575500,2152582,2572390803.90000000,943375427.33003700,0
1621641600.0,0.35778000,0.36400000,0.31672000,0.34199000,3793145642.70000000,1621727999999,1296677856.10951100,1580773,1935714008.30000000,661664288.66768700,0
1621728000.0,0.34199000,0.35094000,0.24782000,0.30633000,5634274411.30000000,1621814399999,1694353083.69599200,2225617,2774582441.50000000,836871278.70457700,0
1621814400.0,0.30623000,0.37500000,0.29511000,0.36589000,4854625486.10000000,1621900799999,1622543381.11106600,2115478,2452948844.80000000,819516284.91775600,0
1621900800.0,0.36589000,0.38000000,0.32141000,0.34598000,3709319825.90000000,1621987199999,1290339194.01513700,1728572,1887630886.50000000,657323829.90368800,0
1621987200.0,0.34597000,0.36671000,0.33632000,0.35284000,2385684153.70000000,1622073599999,836823564.89354200,1143462,1193132691.30000000,418424342.86396000,0
1622073600.0,0.35291000,0.35309000,0.32700000,0.33403000,1794158136.60000000,1622159999999,606077540.31592900,880120,873643697.80000000,295095897.78527300,0
1622160000.0,0.33404000,0.34754000,0.30052000,0.31123000,2620384686.80000000,1622246399999,835028567.12845600,1285560,1297446792.90000000,413471461.50606200,0
1622246400.0,0.31122000,0.31794000,0.28000000,0.30280000,2016681043.40000000,1622332799999,604028126.91255500,951711,989261236.50000000,296312406.53967400,0
1622332800.0,0.30273000,0.31079000,0.28653000,0.30179000,1514854219.60000000,1622419199999,456904273.28267000,762600,769930832.20000000,232293878.86903200,0
1622419200.0,0.30179000,0.32991000,0.29386000,0.32557000,1897905257.40000000,1622505599999,590220155.77944700,956702,933534089.60000000,290304256.24936700,0
1622505600.0,0.32558000,0.38476000,0.31121000,0.37006000,4488851727.40000000,1622591999999,1539365573.58739400,2062609,2282723405.60000000,783522232.18600800,0
1622592000.0,0.37007000,0.44834000,0.35110000,0.42338000,8351828077.50000000,1622678399999,3391548375.97929100,4089764,4215639573.30000000,1712537503.38160300,0
1622678400.0,0.42344000,0.44200000,0.37722000,0.40078000,5070741840.70000000,1622764799999,2081980882.66489600,2376407,2522630870.60000000,1036508107.98091000,0
1622764800.0,0.40078000,0.40249000,0.35000000,0.37628000,4035854544.90000000,1622851199999,1511197709.61960800,1967784,1955557384.80000000,732655597.66748900,0
1622851200.0,0.37628000,0.39500000,0.35974000,0.37130000,2396911157.10000000,1622937599999,906142939.80679600,1160376,1178917042.20000000,445887974.03163800,0
1622937600.0,0.37130000,0.37703000,0.36634000,0.37143000,1194622756.00000000,1623023999999,443275634.88520900,526215,594223572.20000000,220532059.25646300,0
1623024000.0,0.37143000,0.37999000,0.32750000,0.33146000,2064211543.40000000,1623110399999,738436804.02752100,931913,956732979.60000000,342766752.60188200,0
1623110400.0,0.33150000,0.34183000,0.29526000,0.32586000,2908803652.90000000,1623196799999,937981423.70645900,1202588,1426320271.00000000,460392292.90801900,0
1623196800.0,0.32592000,0.35480000,0.31227000,0.34318000,2068160059.00000000,1623283199999,686262143.62793000,1006828,1046574636.10000000,347273187.18244900,0
1623283200.0,0.34323000,0.34515000,0.32250000,0.32606000,1348789846.50000000,1623369599999,450294287.04706200,638851,652258329.40000000,217773832.86788200,0
1623369600.0,0.32613000,0.33380000,0.31069000,0.31870000,1204137023.40000000,1623455999999,387381244.03959800,596213,607101707.20000000,195384000.25402900,0
1623456000.0,0.31874000,0.31932000,0.30000000,0.31216000,1217468360.10000000,1623542399999,376935028.77955200,567919,602065901.70000000,186441817.29076100,0
1623542400.0,0.31221000,0.33000000,0.30744000,0.32394000,1042596039.80000000,1623628799999,330077979.84159500,463552,536361467.20000000,169857347.34595800,0
1623628800.0,0.32392000,0.33777000,0.32000000,0.32767000,1310349921.90000000,1623715199999,427464905.68314300,573977,657804757.80000000,214557868.50357800,0
1623715200.0,0.32769000,0.33069000,0.31642000,0.32028000,1015598512.10000000,1623801599999,328973312.22201700,451937,490308158.10000000,158846868.79642300,0
1623801600.0,0.32025000,0.32146000,0.30505000,0.30775000,888434880.90000000,1623887999999,278178346.02510300,427203,450531930.00000000,141098552.02015700,0
1623888000.0,0.30774000,0.31413000,0.30260000,0.30619000,680701230.20000000,1623974399999,209708643.76090300,638720,328212068.70000000,101121625.73170000,0
1623974400.0,0.30619000,0.30766000,0.28000000,0.29328000,1314700190.70000000,1624060799999,387111436.64077600,610268,619542802.60000000,182420795.51806600,0
1624060800.0,0.29321000,0.29791000,0.28558000,0.28567000,624846001.40000000,1624147199999,182075119.81357100,299882,320562749.30000000,93418349.28354100,0
1624147200.0,0.28563000,0.28988000,0.25510000,0.28054000,1528605029.50000000,1624233599999,417251181.03050200,599650,741606904.00000000,202389422.66701100,0
1624233600.0,0.28054000,0.28138000,0.16490000,0.17873000,7023706752.60000000,1624319999999,1512324576.06297210,2208676,3379011533.60000000,729736072.61174700,0
1624320000.0,0.17873000,0.21740000,0.16322000,0.19072000,7520083611.80000000,1624406399999,1415591893.18783800,2191025,3788871415.00000000,714011418.08105600,0
1624406400.0,0.19075000,0.24850000,0.18046000,0.23468000,5839514040.00000000,1624492799999,1294917735.36063700,1747926,3038795237.40000000,673844245.41466200,0
1624492800.0,0.23475000,0.26953000,0.22200000,0.26377000,3579998951.20000000,1624579199999,867149608.01785800,1121990,1819385955.70000000,441507772.33034400,0
1624579200.0,0.26374000,0.28959000,0.22886000,0.23745000,5942192455.50000000,1624665599999,1530052695.03206000,2011394,2944159779.80000000,758942513.81275100,0
1624665600.0,0.23748000,0.25540000,0.23057000,0.24583000,2653188955.60000000,1624751999999,638512739.70967200,832962,1355019116.90000000,326177865.06025200,0
1624752000.0,0.24583000,0.26753000,0.24002000,0.26450000,1968559379.60000000,1624838399999,488208471.52400900,648905,987649518.90000000,245041870.74863800,0
1624838400.0,0.26462000,0.26735000,0.25050000,0.25707000,1734504424.80000000,1624924799999,445938066.67271200,582036,843310216.30000000,216868709.24798900,0
1624924800.0,0.25709000,0.27573000,0.25248000,0.26349000,1927372368.10000000,1625011199999,508993341.64056500,708135,966933954.50000000,255403066.07278900,0
1625011200.0,0.26349000,0.26391000,0.23778000,0.25391000,1610075649.00000000,1625097599999,404216370.60814600,580217,793668658.00000000,199285783.63177700,0
1625097600.0,0.25390000,0.26140000,0.23817000,0.24381000,2253058516.90000000,1625183999999,563323804.09332100,882860,1133304155.30000000,283493182.66717400,0
1625184000.0,0.24380000,0.24916000,0.23839000,0.24505000,1081847381.60000000,1625270399999,262656840.60263600,384814,551777056.80000000,133969721.97541800,0
1625270400.0,0.24498000,0.25039000,0.24200000,0.24636000,759251070.10000000,1625356799999,187380352.28658000,282977,380363694.10000000,93866043.02096100,0
1625356800.0,0.24634000,0.25300000,0.24324000,0.24643000,823044174.70000000,1625443199999,204457205.01117000,300227,413351190.30000000,102668071.58841100,0
1625443200.0,0.24636000,0.24900000,0.22547000,0.23110000,1181584860.30000000,1625529599999,279530327.16970400,405908,584987984.50000000,138487619.62811900,0
1625529600.0,0.23117000,0.24230000,0.22931000,0.23417000,981368400.50000000,1625615999999,230653732.35793100,354214,499172810.60000000,117319296.85350100,0
1625616000.0,0.23418000,0.23862000,0.22084000,0.22386000,952129896.60000000,1625702399999,220956362.02187600,324605,456519196.60000000,106008723.17744300,0
1625702400.0,0.22386000,0.22481000,0.20148000,0.20690000,1487061330.10000000,1625788799999,317654933.33246000,468220,718638184.70000000,153470607.67133000,0
1625788800.0,0.20708000,0.22986000,0.19521000,0.21963000,2291127903.50000000,1625875199999,494599179.10863900,738815,1162457141.80000000,251120954.40330100,0
1625875200.0,0.21966000,0.22812000,0.20970000,0.21375000,919482894.50000000,1625961599999,199891824.79982100,318346,454145273.80000000,98807845.07081300,0
1625961600.0,0.21376000,0.21917000,0.21061000,0.21597000,551263176.40000000,1626047999999,118250421.31181600,192606,276831096.10000000,59388612.26616700,0
1626048000.0,0.21597000,0.21900000,0.20394000,0.20775000,805441341.20000000,1626134399999,170528117.52279100,266418,369957575.20000000,78300258.00825500,0
1626134400.0,0.20776000,0.20893000,0.19749000,0.19997000,916221269.90000000,1626220799999,185691879.13214100,283012,453476686.70000000,91987148.56122700,0
1626220800.0,0.19995000,0.20479000,0.18725000,0.19761000,1247947078.40000000,1626307199999,244169787.71854100,400372,631446778.60000000,123598347.98223400,0
1626307200.0,0.19759000,0.20089000,0.18051000,0.18534000,966797093.30000000,1626393599999,183033118.15401800,334500,483802086.80000000,91638907.96533200,0
1626393600.0,0.18534000,0.18833000,0.17118000,0.17202000,1185633674.20000000,1626479999999,213123708.47093000,359394,577723256.70000000,103896218.77007200,0
1626480000.0,0.17203000,0.20530000,0.16884000,0.18734000,2572720766.90000000,1626566399999,476953686.13463200,826391,1292864756.00000000,239905438.00640400,0
1626566400.0,0.18738000,0.19605000,0.18019000,0.18157000,1344894101.60000000,1626652799999,252407070.04216100,726039,674238519.80000000,126616657.71788400,0
1626652800.0,0.18156000,0.18429000,0.17025000,0.17362000,1079953391.40000000,1626739199999,189731806.22924800,316141,536491374.80000000,94256390.83554100,0
1626739200.0,0.17362000,0.17997000,0.15988000,0.17047000,1865041957.20000000,1626825599999,314175778.97875200,616158,923742535.00000000,155717887.77661600,0
1626825600.0,0.17048000,0.21442000,0.16836000,0.19046000,4505979384.20000000,1626911999999,868579035.19989900,1556914,2288756852.00000000,441137460.17099700,0
1626912000.0,0.19045000,0.19646000,0.18632000,0.19123000,1393922167.50000000,1626998399999,266620497.72958900,500806,710432751.30000000,135879634.57631900,0
1626998400.0,0.19119000,0.19977000,0.18292000,0.19489000,1352326692.40000000,1627084799999,258932536.47505400,398516,671822562.60000000,128646054.28336600,0
1627084800.0,0.19490000,0.20450000,0.19117000,0.19688000,1627615706.20000000,1627171199999,318970652.71405200,496570,814603536.70000000,159750025.34402100,0
1627171200.0,0.19689000,0.20076000,0.19105000,0.19793000,1122436168.60000000,1627257599999,220142764.72149200,357958,573995436.90000000,112596865.92543600,0
1627257600.0,0.19788000,0.23314000,0.19679000,0.20362000,4546455511.80000000,1627343999999,986674155.36535300,1485286,2290073102.20000000,497454603.42633700,0
1627344000.0,0.20363000,0.20950000,0.19506000,0.20585000,2030159664.40000000,1627430399999,409976210.81539400,587233,1023467954.70000000,206742449.84946400,0
1627430400.0,0.20586000,0.21386000,0.20161000,0.20574000,1698684418.60000000,1627516799999,351384949.01333600,499045,855458263.90000000,177017376.22678200,0
1627516800.0,0.20571000,0.20664000,0.20030000,0.20502000,875707720.80000000,1627603199999,178588860.47998700,263435,435819830.30000000,88888241.06785400,0
1627603200.0,0.20503000,0.21065000,0.19587000,0.20873000,1260492016.30000000,1627689599999,257289553.34457000,382098,599308558.80000000,122260871.33266000,0
1627689600.0,0.20872000,0.21450000,0.20476000,0.20765000,1177482439.70000000,1627775999999,245268650.46020700,356965,575366067.70000000,119853747.21853100,0
1627776000.0,0.20764000,0.21799000,0.20082000,0.20424000,1550637730.20000000,1627862399999,327413782.11715100,478322,751445206.70000000,158693853.14194200,0
1627862400.0,0.20420000,0.20998000,0.20180000,0.20327000,896401081.30000000,1627948799999,183847136.44556200,276220,442489034.70000000,90761644.95774700,0
1627948800.0,0.20325000,0.20510000,0.19310000,0.19626000,977103235.10000000,1628035199999,193410947.60833100,297960,471442871.80000000,93311459.75475900,0
1628035200.0,0.19626000,0.20326000,0.19416000,0.20153000,873261017.40000000,1628121599999,173866598.17459100,264451,449297043.70000000,89463322.81122800,0
1628121600.0,0.20152000,0.20258000,0.19430000,0.20095000,946707300.60000000,1628207999999,188155415.65353700,284653,477836336.70000000,94966333.16353700,0
1628208000.0,0.20094000,0.21200000,0.19841000,0.20482000,1263420290.40000000,1628294399999,257269083.17416500,362869,619018451.20000000,126056280.47648500,0
1628294400.0,0.20482000,0.26280000,0.20358000,0.26189000,5158338816.20000000,1628380799999,1201706313.60601800,1965825,2566603126.40000000,598642939.55889700,0
1628380800.0,0.26184000,0.28377000,0.23500000,0.23996000,5791158603.50000000,1628467199999,1496730706.91971500,2487438,2816492638.00000000,728517003.40780100,0
1628467200.0,0.23996000,0.26666000,0.23048000,0.25609000,3702865258.60000000,1628553599999,928109307.89706000,1327292,1828828927.60000000,458248052.33773300,0
1628553600.0,0.25610000,0.26321000,0.24513000,0.25732000,2588076619.60000000,1628639999999,659012619.40404700,1065587,1291158015.80000000,328916845.14844800,0
1628640000.0,0.25734000,0.28295000,0.25626000,0.26445000,3712761104.70000000,1628726399999,1004804670.80594800,1252602,1830569148.30000000,495419794.63105700,0
1628726400.0,0.26448000,0.29490000,0.25165000,0.26401000,3923287429.80000000,1628812799999,1064711859.98625200,1310291,1951894654.20000000,530084669.85450300,0
1628812800.0,0.26405000,0.28756000,0.26121000,0.28667000,2142420241.30000000,1628899199999,592227760.81449100,708956,1101146882.70000000,304313895.01925200,0
1628899200.0,0.28670000,0.29864000,0.27570000,0.29402000,3131790645.40000000,1628985599999,901636552.54284400,1111559,1591486541.00000000,458247996.19837400,0
1628985600.0,0.29399000,0.34950000,0.28620000,0.33984000,4964816125.00000000,1629071999999,1544241159.19485900,2093790,2518387698.40000000,784211759.23011500,0
1629072000.0,0.33996000,0.35170000,0.31001000,0.31956000,4130699106.80000000,1629158399999,1377064266.90045600,2015571,2029038478.70000000,676989255.11751500,0
1629158400.0,0.31946000,0.33158000,0.30562000,0.32945000,564975783.10000000,1629244799999,180992618.22485000,315017,279274190.50000000,89564917.23933200,0
